<?xml version='1.0' encoding='UTF-8' standalone='yes' ?>
<PROJECT IID="1" BUILDPATH="C:/Users/KADUMA~1/AppData/Local/Temp/VSM Studio/11d4aa7684bf48a783a68043b6c8f601/PIC16F630" VERSION="821" TYPE="SOURCE" NAME="PIC16F630" CONFIGURATION="Debug">
 <FILES ATTACH="1">
  <FILE ATTACH="1" GROUP="Source Files" NAME="PIC16F630/main.c"/>
  <FILE ATTACH="1" GROUP="Firmware Files" NAME="PIC16F630/Debug/Debug.cof" FIRMWARE="1"/>
 </FILES>
 <CONFIGURATION CRC="f12d4cac7ec390fb6dd4c7d8e6d9c4cb" TARGET="Debug" COMPILER="MPLAB XC8" NAME="Debug">
  <CONTROLLER FAMILY="PIC16" TYPE="PIC16F630"/>
  <FILE TOOL="LD" NAME="PIC16F630/Debug/Debug.cof">
   <FILE TOOL="CC" NAME="PIC16F630/Debug/main.p1">
    <FILE NAME="PIC16F630/main.c"/>
   </FILE>
  </FILE>
  <OPTION DEFAULT="1" TOOL="LD" NAME="--output=" VALUE="mcof"/>
  <OPTION DEFAULT="1" TOOL="LD" NAME="-G"/>
  <OPTION DEFAULT="1" TOOL="LD" NAME="--chip=" VALUE="16F630"/>
  <OPTION DEFAULT="1" TOOL="CC" NAME="--pass1"/>
  <OPTION DEFAULT="1" TOOL="CC" NAME="--errformat=" VALUE="&quot;Error at file %%%%f line %%%%l column %%%%c: (%%%%n) %%%%s&quot;"/>
  <OPTION DEFAULT="1" TOOL="CC" NAME="--warnformat=" VALUE="&quot;Warning at file %%%%f line %%%%l column %%%%c: (%%%%n) %%%%s&quot;"/>
  <OPTION DEFAULT="1" TOOL="CC" NAME="--msgformat=" VALUE="&quot;Message at file %%%%f line %%%%l column %%%%c: (%%%%n) %%%%s&quot;"/>
  <OPTION DEFAULT="1" TOOL="CC" NAME="-G"/>
  <OPTION DEFAULT="1" TOOL="CC" NAME="--chip=" VALUE="16F630"/>
 </CONFIGURATION>
 <CONFIGURATION CRC="f12d4cac7ec390fb6dd4c7d8e6d9c4cb" TARGET="Release" COMPILER="MPLAB XC8" NAME="Release">
  <CONTROLLER FAMILY="PIC16" TYPE="PIC16F630"/>
  <FILE TOOL="LD">
   <FILE TOOL="CC">
    <FILE NAME="PIC16F630/main.c"/>
   </FILE>
  </FILE>
  <OPTION DEFAULT="1" TOOL="LD" NAME="--output=" VALUE="intel"/>
  <OPTION DEFAULT="1" TOOL="LD" NAME="--chip=" VALUE="16F630"/>
  <OPTION DEFAULT="1" TOOL="CC" NAME="--pass1"/>
  <OPTION DEFAULT="1" TOOL="CC" NAME="--errformat=" VALUE="&quot;Error at file %%%%f line %%%%l column %%%%c: (%%%%n) %%%%s&quot;"/>
  <OPTION DEFAULT="1" TOOL="CC" NAME="--warnformat=" VALUE="&quot;Warning at file %%%%f line %%%%l column %%%%c: (%%%%n) %%%%s&quot;"/>
  <OPTION DEFAULT="1" TOOL="CC" NAME="--msgformat=" VALUE="&quot;Message at file %%%%f line %%%%l column %%%%c: (%%%%n) %%%%s&quot;"/>
  <OPTION DEFAULT="1" TOOL="CC" NAME="--chip=" VALUE="16F630"/>
 </CONFIGURATION>
</PROJECT>
